{
  "method": "mh",
  "config": {
    "method": "mh",
    "M": 214921,
    "N1": 251631,
    "N2": 339224,
    "H1": 0.239,
    "H2": 0.157,
    "rho": 0.085,
    "rho0": 0.0,
    "inferRho0": false,
    "ITS": 5000,
    "seed": 42,
    "burnFraction": 0.25,
    "id": "height_bmi_mh"
  },
  "results": {
    "p00": {
      "mean": 0.966970229838058,
      "std": 0.00010339644848905218
    },
    "p10": {
      "mean": 0.0006175893499786995,
      "std": 9.833569971332438e-05
    },
    "p01": {
      "mean": 0.003824610224508222,
      "std": 0.00010879534142471094
    },
    "p11": {
      "mean": 0.028587570587455917,
      "std": 0.00012022771583413422
    },
    "rho0": {
      "mean": 0.0,
      "std": 0.0
    }
  },
  "diagnostics": {
    "acceptRate": 0.19,
    "finalB": 332525.6730079651,
    "runtime": 52.8405499458313,
    "burnin": 1250,
    "numIterations": 5000,
    "postBurninSamples": 3750
  }
}