{
  "method": "gibbs",
  "config": {
    "method": "gibbs",
    "M": 214921,
    "N1": 251631,
    "N2": 339224,
    "H1": 0.239,
    "H2": 0.157,
    "rho": 0.085,
    "rho0": 0.0,
    "inferRho0": false,
    "ITS": 5000,
    "seed": 42,
    "burnFraction": 0.25,
    "id": "height_bmi_gibbs"
  },
  "results": {
    "p00": {
      "mean": 0.9869831545772987,
      "std": 4.323554710471512e-05
    },
    "p10": {
      "mean": 3.6466252464680546e-06,
      "std": 7.23564467440625e-06
    },
    "p01": {
      "mean": 6.635032916620613e-06,
      "std": 1.4049120672504292e-05
    },
    "p11": {
      "mean": 0.01300656376453662,
      "std": 4.476185581626049e-05
    },
    "rho0": {
      "mean": 0.0,
      "std": 0.0
    }
  },
  "diagnostics": {
    "acceptRate": 0.145,
    "finalB": 221683.78200531006,
    "runtime": 164.6530623435974,
    "burnin": 1250,
    "numIterations": 5000,
    "postBurninSamples": 3750
  }
}