{
  "method": "mh",
  "config": {
    "method": "mh",
    "M": 543193,
    "N1": 58749,
    "N2": 50981,
    "H1": 0.24,
    "H2": 0.2,
    "rho": 0.68,
    "rho0": 0.0,
    "inferRho0": false,
    "ITS": 5000,
    "seed": 42,
    "burnFraction": 0.25,
    "id": "scz_bip_gibbs_long"
  },
  "results": {
    "p00": {
      "mean": 0.9243926410975322,
      "std": 0.14292890746375866
    },
    "p10": {
      "mean": 0.06878842829965734,
      "std": 0.13583762822579545
    },
    "p01": {
      "mean": 0.00035793277730344615,
      "std": 0.0005310995782869659
    },
    "p11": {
      "mean": 0.006460997825518287,
      "std": 0.007621994299814161
    },
    "rho0": {
      "mean": 0.0,
      "std": 0.0
    }
  },
  "diagnostics": {
    "acceptRate": 0.1422,
    "finalB": 65684.0835571289,
    "runtime": 197.31881713867188,
    "burnin": 1250,
    "numIterations": 5000,
    "postBurninSamples": 3750
  }
}