{
  "method": "mh",
  "config": {
    "method": "mh",
    "M": 184012,
    "N1": 93561,
    "N2": 89138,
    "H1": 0.12,
    "H2": 0.12,
    "rho": -0.1,
    "rho0": 0.0,
    "inferRho0": false,
    "ITS": 5000,
    "seed": 42,
    "burnFraction": 0.25,
    "id": "hdl_ldl_mh"
  },
  "results": {
    "p00": {
      "mean": 0.9910755655495582,
      "std": 5.445783250304508e-05
    },
    "p10": {
      "mean": 0.0005472696533040474,
      "std": 5.855279198059587e-05
    },
    "p01": {
      "mean": 0.00013868750475198627,
      "std": 5.553900549913551e-05
    },
    "p11": {
      "mean": 0.00823847729238996,
      "std": 6.487700593621828e-05
    },
    "rho0": {
      "mean": 0.0,
      "std": 0.0
    }
  },
  "diagnostics": {
    "acceptRate": 0.0828,
    "finalB": 65684.0835571289,
    "runtime": 49.41554617881775,
    "burnin": 1250,
    "numIterations": 5000,
    "postBurninSamples": 3750
  }
}