{
  "method": "gibbs",
  "config": {
    "method": "gibbs",
    "M": 543193,
    "N1": 58749,
    "N2": 50981,
    "H1": 0.24,
    "H2": 0.2,
    "rho": 0.68,
    "rho0": 0.0,
    "inferRho0": false,
    "ITS": 5000,
    "seed": 42,
    "burnFraction": 0.25,
    "id": "scz_bip_mh_long"
  },
  "results": {
    "p00": {
      "mean": 0.03265569731092384,
      "std": 0.014956113484630591
    },
    "p10": {
      "mean": 7.739353102156846e-07,
      "std": 1.8370428690442957e-06
    },
    "p01": {
      "mean": 0.9521472532265121,
      "std": 0.014906609732275837
    },
    "p11": {
      "mean": 0.015196275527259684,
      "std": 0.00025488154291485114
    },
    "rho0": {
      "mean": 0.0,
      "std": 0.0
    }
  },
  "diagnostics": {
    "acceptRate": 0.1814,
    "finalB": 221683.78200531006,
    "runtime": 540.8897738456726,
    "burnin": 1250,
    "numIterations": 5000,
    "postBurninSamples": 3750
  }
}