{
  "method": "gibbs",
  "config": {
    "method": "gibbs",
    "M": 184012,
    "N1": 93561,
    "N2": 89138,
    "H1": 0.12,
    "H2": 0.12,
    "rho": -0.1,
    "rho0": 0.0,
    "inferRho0": false,
    "ITS": 5000,
    "seed": 42,
    "burnFraction": 0.25,
    "id": "hdl_ldl_gibbs"
  },
  "results": {
    "p00": {
      "mean": 0.9962024819343214,
      "std": 4.591180467895997e-05
    },
    "p10": {
      "mean": 0.001243337675502492,
      "std": 7.173460532886773e-05
    },
    "p01": {
      "mean": 0.0008552701186043001,
      "std": 8.624701185007148e-05
    },
    "p11": {
      "mean": 0.0016989102715734821,
      "std": 0.00011511311008695773
    },
    "rho0": {
      "mean": 0.0,
      "std": 0.0
    }
  },
  "diagnostics": {
    "acceptRate": 0.1486,
    "finalB": 498788.50951194763,
    "runtime": 146.03313851356506,
    "burnin": 1250,
    "numIterations": 5000,
    "postBurninSamples": 3750
  }
}